Area,Year,Production,Temperature,HLB,Code,Annual_precipitation,Fertilizer
Algeria,1996,236724.0,17.64,0,DZA,87.57355,14000.0
Algeria,1997,243284.0,18.45,0,DZA,67.35085,36000.0
Algeria,1998,280393.0,18.13,0,DZA,53.86391,44000.0
Algeria,1999,307349.0,18.8,0,DZA,74.240456,47000.0
Algeria,2000,299583.0,18.43,0,DZA,40.600086,44300.0
Algeria,2001,327083.0,18.99,0,DZA,44.693207,45300.0
Algeria,2002,362490.0,18.63,0,DZA,56.14827,28036.0
Algeria,2003,389372.0,18.69,0,DZA,86.49304,17076.0
Algeria,2004,417150.0,18.18,0,DZA,86.66942,104717.0
Algeria,2005,435236.0,18.2,0,DZA,66.49743,4086.0
Algeria,2006,474453.0,18.8,0,DZA,82.4783,43847.0
Algeria,2007,490915.0,18.28,0,DZA,64.32391,36626.0
Algeria,2008,502991.0,18.33,0,DZA,77.30029,23102.0
Algeria,2009,626091.0,18.51,0,DZA,87.21048,37100.0
Algeria,2010,582496.0,18.91,0,DZA,64.77627,60100.0
Algeria,2011,814740.0,18.47,0,DZA,82.46702,56300.0
Algeria,2012,802517.0,18.68,0,DZA,73.921036,72600.0
Algeria,2013,890674.0,18.23,0,DZA,67.78823,64000.0
Algeria,2014,955206.2,19.05,0,DZA,73.53466,76500.0
Algeria,2015,1005079.0,18.69,0,DZA,70.86002,74400.0
Algeria,2016,892764.0,19.17,0,DZA,62.840637,70200.0
Algeria,2017,1013951.0,19.0,0,DZA,57.701984,70200.0
Algeria,2018,1134194.28,18.36,0,DZA,89.59452,70200.0
Algeria,2019,1199535.0,18.7,0,DZA,71.09156,70200.0
Algeria,2020,1174845.2,19.31,0,DZA,50.637352,70200.0
Algeria,2021,1137191.0,19.77,0,DZA,47.64252,70200.0
Algeria,2022,1209559.96,19.83,0,DZA,42.709076,70200.0
Argentina,1996,504429.0,15.34,0,ARG,827.4467,510300.0
Argentina,1997,918461.0,15.76,0,ARG,915.9222,476400.0
Argentina,1998,983833.0,15.32,0,ARG,850.0312,422700.0
Argentina,1999,706159.0,15.09,0,ARG,849.5214,457300.0
Argentina,2000,787096.0,14.71,0,ARG,955.05334,498223.0
Argentina,2001,918294.0,15.44,0,ARG,936.0044,496500.0
Argentina,2002,766854.0,15.25,0,ARG,946.439,534592.0
Argentina,2003,687346.0,15.71,0,ARG,749.5623,740659.0
Argentina,2004,770000.0,15.56,0,ARG,734.1446,796423.0
Argentina,2005,885871.0,15.31,0,ARG,742.7508,640406.0
Argentina,2006,990000.0,15.93,0,ARG,756.0748,787677.0
Argentina,2007,800000.0,14.88,0,ARG,778.8111,981351.0
Argentina,2008,942541.0,15.77,0,ARG,683.702,761959.0
Argentina,2009,898732.0,15.93,0,ARG,675.8896,477061.0
Argentina,2010,833486.0,15.29,0,ARG,701.8448,771245.0
Argentina,2011,1130074.0,15.52,0,ARG,678.87366,857190.0
Argentina,2012,933526.0,16.03,1,ARG,767.5073,734890.0
Argentina,2013,859752.0,15.81,1,ARG,621.6102,788154.0
Argentina,2014,1022276.0,15.85,1,ARG,858.9137,784091.52
Argentina,2015,1001309.0,15.94,1,ARG,817.439,603481.31
Argentina,2016,1032446.0,15.36,1,ARG,804.3934,923361.84
Argentina,2017,1025000.0,15.99,1,ARG,822.97986,975843.08
Argentina,2018,1006779.0,15.78,1,ARG,735.38544,1160519.5
Argentina,2019,1070927.0,15.83,1,ARG,693.6649,1278498.82
Argentina,2020,1000000.0,16.09,1,ARG,578.3959,1400381.43
Argentina,2021,1038163.0,15.97,1,ARG,606.77686,1658017.07
Argentina,2022,1057677.78,15.6,1,ARG,538.72076,1767478.42
Australia,1996,442077.0,18.87,0,AUS,437.56897,824600.0
Australia,1997,522622.0,19.01,0,AUS,510.7246,839400.0
Australia,1998,499784.0,19.38,0,AUS,538.7993,979000.0
Australia,1999,445840.0,18.97,0,AUS,524.8562,1082000.0
Australia,2000,509973.0,18.7,0,AUS,656.68506,951000.0
Australia,2001,550200.0,18.81,0,AUS,500.8003,1034000.0
Australia,2002,450559.0,19.27,0,AUS,296.4898,972266.0
Australia,2003,599484.0,19.21,0,AUS,437.69666,932911.0
Australia,2004,395164.0,19.1,0,AUS,447.5443,1056527.0
Australia,2005,498112.0,19.6,0,AUS,354.92398,952174.0
Australia,2006,507233.0,19.09,0,AUS,432.42755,858103.0
Australia,2007,470673.0,19.46,0,AUS,470.31915,848006.0
Australia,2008,409273.0,19.0,0,AUS,429.25052,835018.0
Australia,2009,347724.0,19.6,0,AUS,417.44504,849785.0
Australia,2010,391343.0,18.95,0,AUS,624.7383,981787.0
Australia,2011,291223.0,18.64,0,AUS,653.07056,1098921.0
Australia,2012,389799.0,18.82,0,AUS,433.5665,1124607.0
Australia,2013,400554.0,19.78,0,AUS,391.96265,1222075.0
Australia,2014,350000.0,19.66,0,AUS,446.68317,1404588.0
Australia,2015,337636.0,19.41,0,AUS,412.42825,1302762.0
Australia,2016,398610.0,19.61,0,AUS,484.4577,1474114.0
Australia,2017,332321.0,19.51,0,AUS,442.16797,1493809.0
Australia,2018,378233.0,19.64,0,AUS,367.29327,1411216.0
Australia,2019,343028.0,19.87,0,AUS,242.66423,1337593.0
Australia,2020,382980.27,19.43,0,AUS,468.1097,1805533.41
Australia,2021,435409.08,18.99,0,AUS,476.0161,2061884.85
Australia,2022,390680.18,19.01,0,AUS,554.0686,1922418.08
Brazil,1996,21079044.0,24.11,0,BRA,1900.1311,1250900.0
Brazil,1997,23046800.0,24.33,0,BRA,1792.1486,1438100.0
Brazil,1998,20850504.0,24.89,0,BRA,1724.375,1545500.0
Brazil,1999,22893312.0,24.12,0,BRA,1868.744,1660767.0
Brazil,2000,21330258.0,23.98,0,BRA,1918.2529,1668000.0
Brazil,2001,16983436.0,24.4,0,BRA,1763.4281,1640000.0
Brazil,2002,18530582.0,24.67,0,BRA,1713.9707,1977904.69
Brazil,2003,16917558.0,24.55,0,BRA,1708.2885,2279335.63
Brazil,2004,18313716.0,24.35,1,BRA,1805.6158,2607760.06
Brazil,2005,17853444.0,24.63,1,BRA,1774.7332,2200284.46
Brazil,2006,18032312.0,24.44,1,BRA,1810.0073,2345762.85
Brazil,2007,18684984.0,24.57,1,BRA,1674.5981,3094425.28
Brazil,2008,18538084.0,24.26,1,BRA,1896.5753,2821756.15
Brazil,2009,17618450.0,24.49,1,BRA,1963.3665,2430181.22
Brazil,2010,18503139.0,24.75,1,BRA,1684.8529,3091463.31
Brazil,2011,19811064.0,24.27,1,BRA,1905.6708,3822966.67
Brazil,2012,18012560.0,24.71,1,BRA,1639.0797,3456071.73
Brazil,2013,17549536.0,24.59,1,BRA,1873.0792,4067449.33
Brazil,2014,16928457.0,24.67,1,BRA,1757.6575,4529776.68
Brazil,2015,16953015.0,25.15,1,BRA,1608.9254,3502211.88
Brazil,2016,16980379.0,25.04,1,BRA,1740.583,3632034.56
Brazil,2017,17492882.0,24.85,1,BRA,1747.5599,4556517.85
Brazil,2018,16841549.0,24.65,1,BRA,1798.4026,4593940.12
Brazil,2019,17090362.0,25.08,1,BRA,1668.2883,4911743.83
Brazil,2020,16721556.0,24.61,1,BRA,1665.8544,5910866.03
Brazil,2021,16217839.0,24.48,1,BRA,1769.5098,6700508.1
Brazil,2022,16929631.0,24.21,1,BRA,1697.9008,6775061.93
"China, mainland",1996,2080000.0,12.06,1,CHN,876.42865,25275000.0
"China, mainland",1997,2000000.0,12.54,1,CHN,844.0419,22949700.0
"China, mainland",1998,1074000.0,13.27,1,CHN,954.80756,22887000.0
"China, mainland",1999,1314000.0,12.91,1,CHN,854.09247,24142000.0
"China, mainland",2000,1054000.0,12.47,1,CHN,859.003,22139168.0
"China, mainland",2001,1351970.0,12.74,1,CHN,809.0416,22422712.0
"China, mainland",2002,1500788.0,12.98,1,CHN,858.8918,25040933.33
"China, mainland",2003,1808557.0,12.73,1,CHN,824.7141,25198324.67
"China, mainland",2004,2121427.0,12.85,1,CHN,773.33167,26232233.33
"China, mainland",2005,2547084.0,12.55,1,CHN,809.3991,26636828.33
"China, mainland",2006,2846845.0,13.11,1,CHN,749.2904,27244473.86
"China, mainland",2007,3496401.0,13.24,1,CHN,756.8613,27982007.23
"China, mainland",2008,3936915.0,12.66,1,CHN,792.7497,28390797.04
"China, mainland",2009,4633407.0,12.89,1,CHN,728.45404,28961333.33
"China, mainland",2010,5618000.0,12.6,1,CHN,842.8482,29531824.95
"China, mainland",2011,6688200.0,12.35,1,CHN,699.6249,30131119.67
"China, mainland",2012,7096400.0,12.26,1,CHN,833.1714,30632100.21
"China, mainland",2013,7306000.0,12.91,1,CHN,781.849,30800704.19
"China, mainland",2014,7801600.0,12.92,1,CHN,774.1,30981666.67
"China, mainland",2015,8052184.0,13.11,1,CHN,810.2241,30795477.0
"China, mainland",2016,8282714.0,13.17,1,CHN,869.12225,30387931.0
"China, mainland",2017,8247814.65,13.27,1,CHN,784.51636,29544991.0
"China, mainland",2018,7980178.11,13.03,1,CHN,804.549,28141472.0
"China, mainland",2019,7760040.02,13.27,1,CHN,775.07324,26737666.67
"China, mainland",2020,7500000.0,13.19,1,CHN,834.86456,25741925.33
"China, mainland",2021,7550000.0,13.44,1,CHN,827.3098,25099666.67
"China, mainland",2022,7600000.0,13.25,1,CHN,771.8887,24437417.67
Colombia,1996,407000.0,22.0,0,COL,3487.15,236000.0
Colombia,1997,421060.0,22.64,0,COL,3066.8496,265200.0
Colombia,1998,300000.0,22.86,0,COL,3689.5234,296800.0
Colombia,1999,339776.0,21.9,0,COL,3560.4956,299800.0
Colombia,2000,352897.0,22.09,0,COL,3579.7808,334300.0
Colombia,2001,237624.0,22.39,0,COL,3269.2317,301383.0
Colombia,2002,297962.0,22.7,0,COL,3264.8132,358695.41
Colombia,2003,69163.0,22.68,0,COL,3401.5312,374170.86
Colombia,2004,88341.0,22.68,0,COL,3230.761,378297.92
Colombia,2005,96179.0,22.9,0,COL,3228.623,345419.36
Colombia,2006,405120.0,22.71,0,COL,3335.453,345085.17
Colombia,2007,352983.0,22.74,0,COL,3402.6023,355499.99
Colombia,2008,264000.0,22.52,0,COL,3400.558,338896.47
Colombia,2009,194243.0,22.95,0,COL,3293.21,367566.92
Colombia,2010,228129.0,23.13,0,COL,3613.9207,404440.08
Colombia,2011,260715.0,22.74,0,COL,3560.0776,442646.39
Colombia,2012,229229.0,22.85,0,COL,3311.0442,421988.8
Colombia,2013,245267.16,23.02,0,COL,3332.7095,387838.16
Colombia,2014,233342.33,23.16,0,COL,3320.8735,463158.22
Colombia,2015,268750.07,23.45,1,COL,3202.118,468536.73
Colombia,2016,294894.8,23.51,1,COL,3363.6191,433134.51
Colombia,2017,331502.0,23.22,1,COL,3088.4214,532467.51
Colombia,2018,338418.0,23.06,1,COL,3152.7744,490329.17
Colombia,2019,351200.0,23.38,1,COL,3088.0723,462065.73
Colombia,2020,366013.47,23.43,1,COL,3024.3672,528009.48
Colombia,2021,716260.91,22.98,1,COL,3333.516,489420.75
Colombia,2022,749440.22,22.79,1,COL,3258.771,398585.63
Egypt,1996,1613256.0,21.9,0,EGY,13.56788,1002600.0
Egypt,1997,1522098.0,21.61,0,EGY,12.759303,915000.0
Egypt,1998,1441652.0,22.46,0,EGY,8.777616,1014000.0
Egypt,1999,1636600.0,22.45,0,EGY,8.465639,984400.0
Egypt,2000,1610520.0,21.64,0,EGY,10.938227,1073416.0
Egypt,2001,1696290.0,22.26,0,EGY,6.1983685,1099000.0
Egypt,2002,1808579.0,22.39,0,EGY,8.8008,1151300.0
Egypt,2003,1767710.0,22.11,0,EGY,6.5361843,1190800.0
Egypt,2004,1850025.0,22.05,0,EGY,8.519823,1372900.0
Egypt,2005,1940420.0,22.0,0,EGY,9.82201,1309000.0
Egypt,2006,2120050.0,21.99,0,EGY,8.566395,1239000.0
Egypt,2007,2054626.0,22.24,0,EGY,7.768105,1120000.0
Egypt,2008,2138425.0,22.62,0,EGY,10.190325,1139100.0
Egypt,2009,2372257.0,22.58,0,EGY,5.709394,1193200.0
Egypt,2010,2401015.0,23.68,0,EGY,9.275032,1158700.0
Egypt,2011,2577720.0,21.95,0,EGY,11.657751,1207000.0
Egypt,2012,2786397.0,22.49,0,EGY,9.0262575,1086800.0
Egypt,2013,2855022.0,22.5,0,EGY,8.34276,1104100.0
Egypt,2014,3135931.0,22.84,0,EGY,13.213127,1124600.0
Egypt,2015,3351307.0,22.74,0,EGY,15.066537,1219300.0
Egypt,2016,2939084.0,23.21,0,EGY,9.562314,1280500.0
Egypt,2017,3147545.0,22.64,0,EGY,7.159225,1314900.0
Egypt,2018,3085986.0,23.54,0,EGY,14.129065,1334200.0
Egypt,2019,3067630.0,22.77,0,EGY,15.139509,1253400.0
Egypt,2020,3966200.0,22.76,0,EGY,26.94142,1331900.0
Egypt,2021,3173430.0,23.14,0,EGY,10.798695,1331900.0
Egypt,2022,3392819.14,22.44,0,EGY,10.5963745,1331900.0
Ghana,1996,257800.0,26.64,0,GHA,1151.5814,7200.0
Ghana,1997,257100.0,26.86,0,GHA,1112.6172,8706.0
Ghana,1998,270400.0,27.5,0,GHA,1068.6796,7274.0
Ghana,1999,270000.0,26.59,0,GHA,1349.4589,8002.0
Ghana,2000,300000.0,26.87,0,GHA,1006.39325,7048.0
Ghana,2001,300000.0,26.94,0,GHA,888.4023,14169.0
Ghana,2002,330000.0,27.04,0,GHA,1126.2535,4330.0
Ghana,2003,338000.0,27.17,0,GHA,1144.9379,8559.0
Ghana,2004,440000.0,27.09,0,GHA,960.93567,5702.0
Ghana,2005,500000.0,27.2,0,GHA,1025.1709,11105.0
Ghana,2006,470000.0,27.23,0,GHA,988.3599,30171.0
Ghana,2007,520000.0,27.23,0,GHA,1123.3136,25924.0
Ghana,2008,550000.0,27.16,0,GHA,1115.0347,18374.0
Ghana,2009,560000.0,27.42,0,GHA,1076.5283,21160.0
Ghana,2010,580000.0,27.69,0,GHA,1166.3259,24835.0
Ghana,2011,600000.0,27.32,0,GHA,1056.6996,10738.0
Ghana,2012,625000.0,27.18,0,GHA,1136.9774,42320.0
Ghana,2013,663170.0,27.35,0,GHA,1002.5544,45343.0
Ghana,2014,690130.0,27.29,0,GHA,1198.4973,38177.0
Ghana,2015,690130.0,27.51,0,GHA,979.2766,42900.0
Ghana,2016,690130.0,27.81,0,GHA,1213.7914,42900.0
Ghana,2017,703776.39,27.66,0,GHA,1123.5358,82000.0
Ghana,2018,694678.8,27.53,0,GHA,1345.1051,65200.0
Ghana,2019,696195.06,27.82,0,GHA,1340.6803,76500.0
Ghana,2020,698216.75,27.77,0,GHA,1019.4077,80822.15
Ghana,2021,696363.54,27.89,0,GHA,1057.191,76839.34
Ghana,2022,696925.12,27.32,0,GHA,1096.9565,77700.0
Greece,1996,955456.19,14.84,0,GRC,851.8184,340000.0
Greece,1997,997130.61,14.77,0,GRC,708.7759,307000.0
Greece,1998,819253.74,15.48,0,GRC,777.25946,292000.0
Greece,1999,1123420.9,15.91,0,GRC,791.2337,291000.0
Greece,2000,945763.16,15.45,0,GRC,523.7331,285000.0
Greece,2001,1112307.0,15.75,0,GRC,705.389,261000.0
Greece,2002,1193190.56,15.53,0,GRC,881.08624,253000.0
Greece,2003,951892.0,15.42,0,GRC,882.2302,247000.0
Greece,2004,698294.0,15.38,0,GRC,741.5716,255000.0
Greece,2005,936094.0,15.12,0,GRC,839.6626,224000.0
Greece,2006,899122.0,15.1,0,GRC,770.0703,210000.0
Greece,2007,815668.0,15.98,0,GRC,689.73315,236000.0
Greece,2008,865904.78,15.98,0,GRC,582.88776,201000.0
Greece,2009,969851.5,15.89,0,GRC,953.28815,175000.0
Greece,2010,905159.42,16.35,0,GRC,911.37787,213000.0
Greece,2011,847253.7,15.26,0,GRC,695.399,181394.0
Greece,2012,849538.06,16.11,0,GRC,842.53253,175445.0
Greece,2013,875823.48,16.25,0,GRC,774.2311,189208.0
Greece,2014,754174.55,16.16,0,GRC,904.3041,179850.0
Greece,2015,808646.33,15.86,0,GRC,865.68,164463.0
Greece,2016,805859.53,16.19,0,GRC,760.97797,173123.0
Greece,2017,727459.0,15.85,0,GRC,778.0223,181726.0
Greece,2018,913190.0,16.49,0,GRC,913.3514,179436.0
Greece,2019,849080.0,16.35,0,GRC,872.42957,189748.0
Greece,2020,886640.0,16.24,0,GRC,722.4182,202945.0
Greece,2021,818310.0,16.22,0,GRC,900.7059,208752.0
Greece,2022,873670.0,16.09,0,GRC,749.6012,167421.0
India,1996,2041300.0,22.31,1,IND,1191.4233,10315919.0
India,1997,2564000.0,21.9,1,IND,1206.3059,10901899.0
India,1998,2354200.0,22.6,1,IND,1201.0219,11353755.0
India,1999,2446800.0,22.6,1,IND,1088.3833,11586250.0
India,2000,2674700.0,22.29,1,IND,1079.3531,10920200.0
India,2001,2574700.0,22.42,1,IND,1107.9401,11310175.0
India,2002,2870500.0,22.66,1,IND,999.93604,10469210.0
India,2003,1921900.0,22.47,1,IND,1225.7537,11077861.0
India,2004,3263200.0,22.52,1,IND,1104.7363,11712729.0
India,2005,3314000.0,22.53,1,IND,1156.1407,12723910.0
India,2006,3437400.0,22.81,1,IND,1180.9954,13760868.0
India,2007,4266900.0,22.64,1,IND,1294.9424,14417665.0
India,2008,4860300.0,22.44,1,IND,1261.435,14863815.0
India,2009,5201350.0,23.02,1,IND,1115.5985,15558372.0
India,2010,5966400.0,23.0,1,IND,1351.2405,16450653.0
India,2011,4571000.0,22.44,1,IND,1250.4109,17367540.0
India,2012,4360400.0,22.5,1,IND,1133.577,16820900.0
India,2013,6426200.0,22.47,1,IND,1350.3315,16750100.0
India,2014,7317610.0,22.64,1,IND,1102.0253,16949600.0
India,2015,7710000.0,22.79,1,IND,1160.0048,17372300.0
India,2016,7581000.0,23.23,1,IND,1213.0834,16735400.0
India,2017,7647000.0,23.08,1,IND,1206.1223,16958000.0
India,2018,8367000.0,22.79,1,IND,1110.0332,17628200.0
India,2019,9509000.0,22.86,1,IND,1374.6685,18863900.0
India,2020,10176000.0,22.68,1,IND,1315.3904,20404000.0
India,2021,10270000.0,22.84,1,IND,1241.8716,19488300.0
India,2022,10198000.0,22.95,1,IND,1277.7179,20206300.0
Indonesia,1996,730860.0,25.08,1,IDN,3279.4084,2084000.0
Indonesia,1997,696422.0,25.22,1,IDN,2342.6814,1706600.0
Indonesia,1998,490937.0,25.68,1,IDN,3524.3354,2120900.0
Indonesia,1999,449531.0,24.99,1,IDN,3380.8242,1925500.0
Indonesia,2000,644052.0,25.03,1,IDN,3345.4768,1964400.0
Indonesia,2001,691433.0,25.11,1,IDN,3229.5305,1953480.0
Indonesia,2002,968132.0,25.33,1,IDN,2710.366,1974661.0
Indonesia,2003,1529824.0,25.31,1,IDN,3076.247,2119780.0
Indonesia,2004,2071084.0,25.33,1,IDN,2796.8582,2309142.0
Indonesia,2005,2214019.0,25.39,1,IDN,3123.928,2411944.0
Indonesia,2006,2565543.0,25.31,1,IDN,2938.029,2435520.0
Indonesia,2007,2625884.0,25.3,1,IDN,3324.9883,2503269.0
Indonesia,2008,2467632.0,25.14,1,IDN,3469.9106,2700006.0
Indonesia,2009,2131768.0,25.52,1,IDN,2958.5571,2935774.0
Indonesia,2010,2028904.0,25.64,1,IDN,3773.515,2784573.0
Indonesia,2011,1818949.0,25.3,1,IDN,3257.664,2933822.0
Indonesia,2012,1611784.0,25.37,1,IDN,3340.6816,2947039.61
Indonesia,2013,1654745.0,25.49,1,IDN,3652.3726,2791106.42
Indonesia,2014,1926560.0,25.53,1,IDN,3072.5667,2909405.65
Indonesia,2015,1856174.0,25.64,1,IDN,2802.0144,2818598.24
Indonesia,2016,2138474.0,25.99,1,IDN,3754.9534,2964027.98
Indonesia,2017,2295325.0,25.64,1,IDN,3661.7627,2951991.41
Indonesia,2018,2510420.0,25.65,1,IDN,3210.189,3237087.26
Indonesia,2019,2563486.0,25.79,1,IDN,2868.7268,2928279.43
Indonesia,2020,2722951.84,25.85,1,IDN,3613.3914,3540990.03
Indonesia,2021,2513860.51,25.66,1,IDN,3506.876,3669339.37
Indonesia,2022,2684978.1,25.58,1,IDN,3572.854,2984940.68
Iran (Islamic Republic of),1996,1669529.0,15.51,0,,266.45,685225.0
Iran (Islamic Republic of),1997,1705603.1,15.46,0,,232.61,830025.0
Iran (Islamic Republic of),1998,1749185.0,16.29,0,,221.53,878000.0
Iran (Islamic Republic of),1999,1866225.0,16.45,0,,206.75,847800.0
Iran (Islamic Republic of),2000,1843041.5,16.12,0,,192.96,862572.0
Iran (Islamic Republic of),2001,1878548.0,16.82,0,,162.44,864108.0
Iran (Islamic Republic of),2002,1973331.7,16.31,0,,202.93,947120.05
Iran (Islamic Republic of),2003,2018616.2,16.05,0,,232.97,998278.77
Iran (Islamic Republic of),2004,2129472.0,16.27,0,,256.03,1043417.37
Iran (Islamic Republic of),2005,2253209.0,16.12,0,,208.24,1089424.09
Iran (Islamic Republic of),2006,1851738.0,16.43,0,,232.08,1355646.05
Iran (Islamic Republic of),2007,2054657.9,15.95,0,,204.17,1116791.02
Iran (Islamic Republic of),2008,2015586.8,16.18,1,,141.93,1193567.47
Iran (Islamic Republic of),2009,2016075.2,16.2,1,,237.1,1033931.57
Iran (Islamic Republic of),2010,2176258.4,17.57,1,,186.43,943706.67
Iran (Islamic Republic of),2011,2293258.0,16.01,1,,222.09,559006.08
Iran (Islamic Republic of),2012,2456130.6,16.13,1,,218.37,670332.0
Iran (Islamic Republic of),2013,2547166.4,16.49,1,,199.08,626029.06
Iran (Islamic Republic of),2014,1530362.0,16.39,1,,192.77,701509.73
Iran (Islamic Republic of),2015,1530362.0,16.97,1,,206.09,564053.0
Iran (Islamic Republic of),2016,1561134.0,16.88,1,,189.09,564911.75
Iran (Islamic Republic of),2017,1755632.0,16.84,1,,193.28,602597.7
Iran (Islamic Republic of),2018,2184675.54,17.31,1,,220.24,729671.78
Iran (Islamic Republic of),2019,2308730.36,16.51,1,,265.25,814771.0
Iran (Islamic Republic of),2020,2198333.06,16.24,1,,263.62,903184.88
Iran (Islamic Republic of),2021,2251102.21,17.64,1,,128.95,903184.88
Iran (Islamic Republic of),2022,2321124.11,17.27,1,,173.76,903184.88
Italy,1996,1771097.0,11.5,0,ITA,1173.6421,876000.0
Italy,1997,1823640.0,12.34,0,ITA,887.5693,855000.0
Italy,1998,1293580.0,12.23,0,ITA,879.793,845000.0
Italy,1999,1732426.0,12.22,0,ITA,990.53424,868000.0
Italy,2000,1876182.0,12.64,0,ITA,1009.0866,828000.0
Italy,2001,1723900.0,12.42,0,ITA,842.95374,773161.0
Italy,2002,1723630.0,12.49,0,ITA,1140.3444,845003.0
Italy,2003,1733676.0,12.64,0,ITA,868.064,846812.0
Italy,2004,2105053.0,12.12,0,ITA,1054.0092,866469.0
Italy,2005,2261404.0,11.56,0,ITA,979.4761,800697.0
Italy,2006,2346071.0,12.3,0,ITA,831.39636,798807.0
Italy,2007,2527500.0,12.7,0,ITA,846.328,812480.0
Italy,2008,2166900.0,12.57,0,ITA,1133.4637,670261.0
Italy,2009,2421284.0,12.57,0,ITA,1122.5974,514480.0
Italy,2010,2393663.0,11.88,0,ITA,1322.8486,498605.0
Italy,2011,2469939.0,12.73,0,ITA,878.0085,516543.0
Italy,2012,1770503.2,12.76,0,ITA,1010.26935,591000.0
Italy,2013,1700777.5,12.39,0,ITA,1195.0719,600600.0
Italy,2014,1668709.2,13.04,0,ITA,1240.2909,574016.0
Italy,2015,1905103.1,13.09,0,ITA,954.5828,605236.0
Italy,2016,1590303.0,12.87,0,ITA,1075.6913,602730.0
Italy,2017,1621682.0,12.81,0,ITA,850.35156,599242.0
Italy,2018,1592400.0,13.16,0,ITA,1212.4795,594767.0
Italy,2019,1650210.0,13.06,0,ITA,1170.8456,598544.0
Italy,2020,1772770.0,13.04,0,ITA,981.3541,574530.0
Italy,2021,1770910.0,12.73,0,ITA,990.3465,572104.89
Italy,2022,1783110.0,13.68,0,ITA,818.1664,570504.02
Mali,1996,17732.82,28.55,0,MLI,233.86339,12000.0
Mali,1997,19511.52,28.24,0,MLI,234.76802,25600.0
Mali,1998,25534.4,28.79,0,MLI,257.54678,17400.0
Mali,1999,14460.0,27.8,0,MLI,310.29532,18100.0
Mali,2000,40207.62,28.23,0,MLI,248.01073,12709.0
Mali,2001,47833.0,28.56,0,MLI,210.23247,14000.0
Mali,2002,13000.0,28.95,0,MLI,215.13799,52743.66
Mali,2003,14000.0,28.85,0,MLI,291.81387,44642.77
Mali,2004,73800.91,29.01,0,MLI,202.93095,46570.55
Mali,2005,14397.0,29.02,0,MLI,246.22563,50450.28
Mali,2006,20627.0,28.45,0,MLI,224.01308,62342.68
Mali,2007,129077.17,28.64,0,MLI,236.53029,36879.27
Mali,2008,169325.25,28.24,0,MLI,256.7934,65076.89
Mali,2009,222549.72,28.82,0,MLI,233.72589,66367.3
Mali,2010,388584.0,29.42,0,MLI,297.93585,67657.71
Mali,2011,337118.0,28.94,0,MLI,208.04349,55848.33
Mali,2012,384639.0,28.34,0,MLI,264.45776,59184.15
Mali,2013,493369.0,28.78,0,MLI,219.42195,74543.19
Mali,2014,91531.0,28.71,0,MLI,215.11003,89902.23
Mali,2015,94105.0,28.67,0,MLI,255.11987,105261.27
Mali,2016,486699.0,29.13,0,MLI,245.74869,120620.31
Mali,2017,487794.0,29.06,0,MLI,220.04822,102990.6
Mali,2018,72855.0,29.01,0,MLI,277.91794,102990.6
Mali,2019,72855.0,28.86,0,MLI,284.72528,157227.16
Mali,2020,354636.0,29.08,0,MLI,276.58563,102691.5
Mali,2021,385013.0,29.61,0,MLI,189.6882,45684.42
Mali,2022,402108.0,28.72,0,MLI,249.6267,20795.83
Mexico,1996,3984608.0,20.6,0,MEX,812.733,1207400.0
Mexico,1997,3943858.0,20.42,0,MEX,852.94574,1197000.0
Mexico,1998,3331152.0,21.04,0,MEX,797.6552,1336000.0
Mexico,1999,3520032.0,20.49,0,MEX,786.4299,1300000.0
Mexico,2000,3812683.0,20.65,0,MEX,746.1179,1342000.0
Mexico,2001,4034900.0,20.54,0,MEX,747.3975,1374100.0
Mexico,2002,4020000.0,20.72,0,MEX,758.5047,1067851.2
Mexico,2003,3846000.0,20.79,0,MEX,781.96356,1082436.2
Mexico,2004,3977000.0,20.36,0,MEX,785.6747,942528.0
Mexico,2005,4112711.0,20.9,0,MEX,772.576,1219457.0
Mexico,2006,4156907.0,20.82,0,MEX,847.7413,1057564.0
Mexico,2007,4248715.0,20.64,0,MEX,838.6962,1141863.0
Mexico,2008,4297238.0,20.57,0,MEX,909.8568,939477.0
Mexico,2009,4193481.0,21.07,1,MEX,732.50433,1038669.0
Mexico,2010,4051631.0,20.34,1,MEX,952.24243,1074653.0
Mexico,2011,4079678.0,21.07,1,MEX,719.7797,1362412.31
Mexico,2012,3666790.0,20.96,1,MEX,758.83075,1332483.57
Mexico,2013,4409968.0,20.78,1,MEX,976.1554,1476732.48
Mexico,2014,4533427.86,20.81,1,MEX,876.6862,1418261.51
Mexico,2015,4515520.33,20.99,1,MEX,890.7116,1110200.0
Mexico,2016,4603253.03,21.06,1,MEX,833.8995,1491238.88
Mexico,2017,4629758.18,21.12,1,MEX,830.1637,1455988.93
Mexico,2018,4737990.26,20.89,1,MEX,853.41077,1331837.19
Mexico,2019,4736715.0,21.33,1,MEX,750.39996,1294499.88
Mexico,2020,4648619.97,21.43,1,MEX,763.4005,1427137.47
Mexico,2021,4595128.53,21.06,1,MEX,833.01904,1315526.37
Mexico,2022,4850083.04,20.91,1,MEX,790.3192,994266.97
Morocco,1996,1032306.0,17.52,0,MAR,492.85846,124500.0
Morocco,1997,804000.0,18.14,0,MAR,330.484,174127.0
Morocco,1998,1103800.0,18.24,0,MAR,225.94797,176000.0
Morocco,1999,873500.0,17.8,0,MAR,254.49777,202941.0
Morocco,2000,870000.0,18.13,0,MAR,221.77394,207600.0
Morocco,2001,708000.0,18.71,0,MAR,175.43399,198000.0
Morocco,2002,723100.0,18.21,0,MAR,297.3333,248163.0
Morocco,2003,821600.0,18.31,0,MAR,328.35916,207532.0
Morocco,2004,719300.0,17.92,0,MAR,250.4443,231504.0
Morocco,2005,835000.0,18.13,0,MAR,199.1411,337370.0
Morocco,2006,788200.0,18.27,0,MAR,318.56143,321350.0
Morocco,2007,711500.0,17.9,0,MAR,227.62141,304810.0
Morocco,2008,732400.0,17.78,0,MAR,337.98514,275060.0
Morocco,2009,715000.0,18.41,0,MAR,350.75427,195952.0
Morocco,2010,849197.0,18.82,0,MAR,425.74493,220293.0
Morocco,2011,858587.0,18.25,0,MAR,322.40997,221434.0
Morocco,2012,961738.0,18.19,0,MAR,266.61053,185385.0
Morocco,2013,759289.96,18.08,0,MAR,257.93494,238977.0
Morocco,2014,1001246.19,18.39,0,MAR,352.9291,233016.0
Morocco,2015,869020.48,18.48,0,MAR,257.6818,243242.7
Morocco,2016,909236.8,18.73,0,MAR,279.69333,114118.19
Morocco,2017,1037218.0,19.28,0,MAR,178.38525,251200.0
Morocco,2018,1019149.73,17.6,0,MAR,400.4447,211500.0
Morocco,2019,1182477.62,18.47,0,MAR,210.86644,185600.0
Morocco,2020,806342.0,19.19,0,MAR,211.57193,228500.0
Morocco,2021,1039382.0,18.76,0,MAR,229.52098,228500.0
Morocco,2022,1248308.38,19.47,0,MAR,205.74007,228500.0
Pakistan,1996,1400000.0,6.501,1,PAK,439.48096,1985080.0
Pakistan,1997,1425900.0,7.011,1,PAK,518.6029,2087607.0
Pakistan,1998,1303000.0,7.965,1,PAK,427.42273,2091852.0
Pakistan,1999,1360000.0,7.424,1,PAK,377.70474,2218100.0
Pakistan,2000,1328000.0,6.763,1,PAK,272.09995,2264600.0
Pakistan,2001,1281000.0,6.938,1,PAK,349.35284,2291610.0
Pakistan,2002,1190000.0,7.116,1,PAK,289.3967,2384980.0
Pakistan,2003,1232000.0,7.345,1,PAK,448.61887,2456009.0
Pakistan,2004,1360600.0,7.71,1,PAK,331.17023,2570230.0
Pakistan,2005,1721000.0,6.575,1,PAK,434.89044,2818779.0
Pakistan,2006,1720867.0,7.498,1,PAK,497.20908,2868984.0
Pakistan,2007,1030730.0,7.859,1,PAK,466.21616,2714053.0
Pakistan,2008,1606150.0,7.731,1,PAK,444.56256,2928057.0
Pakistan,2009,1492400.0,7.274,1,PAK,358.63687,3451900.0
Pakistan,2010,1505000.0,6.86,1,PAK,491.0645,3270531.0
Pakistan,2011,1387540.0,6.895,1,PAK,490.36963,3187339.0
Pakistan,2012,1503140.0,6.567,1,PAK,410.97437,2850771.0
Pakistan,2013,1401180.0,6.97,1,PAK,448.23828,3239557.0
Pakistan,2014,1600000.0,7.789,1,PAK,376.4049,3139263.0
Pakistan,2015,1680000.0,7.93,1,PAK,495.3083,3160507.0
Pakistan,2016,1650000.0,7.76,1,PAK,365.14514,3241907.0
Pakistan,2017,1592632.62,7.492,1,PAK,403.37152,3446922.0
Pakistan,2018,1573442.49,7.404,1,PAK,293.34146,3446922.0
Pakistan,2019,1591526.07,8.279,1,PAK,506.4639,3505356.0
Pakistan,2020,1590605.43,8.024,1,PAK,501.10837,3533783.8
Pakistan,2021,1597265.36,8.147,1,PAK,289.48352,3714997.36
Pakistan,2022,1605293.53,7.43,1,PAK,565.14996,3666804.64
Panama,1996,27487.0,24.32,0,PAN,3341.7532,27400.0
Panama,1997,26905.0,24.98,0,PAN,2557.479,21428.0
Panama,1998,27488.0,25.16,0,PAN,3344.8394,21300.0
Panama,1999,26906.0,24.09,0,PAN,3857.7766,17700.0
Panama,2000,27490.0,24.25,0,PAN,3199.2354,15297.0
Panama,2001,36945.0,24.53,0,PAN,3007.0757,16000.0
Panama,2002,38135.0,24.95,0,PAN,2841.2666,15171.0
Panama,2003,39362.0,24.87,0,PAN,3317.0154,17622.0
Panama,2004,40630.0,25.07,0,PAN,3154.4941,15233.0
Panama,2005,41938.2,25.12,0,PAN,3413.7585,15618.0
Panama,2006,44683.0,25.0,0,PAN,3209.3408,17682.0
Panama,2007,46121.0,24.99,0,PAN,3671.682,14506.0
Panama,2008,47606.0,24.69,0,PAN,3529.155,15453.0
Panama,2009,49139.0,25.16,0,PAN,3185.2266,17296.0
Panama,2010,189021.0,25.26,0,PAN,4076.0894,21601.0
Panama,2011,184050.0,24.86,0,PAN,3717.9695,13158.0
Panama,2012,169702.0,25.05,0,PAN,3146.4739,22714.27
Panama,2013,191287.0,25.18,0,PAN,2954.6362,26681.45
Panama,2014,202417.0,25.34,0,PAN,3050.1265,15953.92
Panama,2015,220361.0,25.72,0,PAN,2954.4268,15984.93
Panama,2016,231605.0,25.51,1,PAN,3213.8691,9545.45
Panama,2017,232630.0,25.28,1,PAN,3110.6804,12002.06
Panama,2018,205981.0,25.06,1,PAN,3024.3516,17800.81
Panama,2019,229548.0,25.41,1,PAN,2632.9006,17917.52
Panama,2020,242679.0,25.32,1,PAN,3159.8489,30350.43
Panama,2021,256560.0,24.99,1,PAN,3312.5808,38361.34
Panama,2022,264672.62,24.83,1,PAN,3545.2334,22485.61
Peru,1996,223460.0,15.34,0,PER,2141.8032,133100.0
Peru,1997,220874.0,16.29,0,PER,2125.656,149700.0
Peru,1998,229213.0,16.62,0,PER,2242.9216,170200.0
Peru,1999,257018.0,15.34,0,PER,2132.6057,168070.0
Peru,2000,255747.0,15.45,0,PER,2175.439,190116.0
Peru,2001,278219.0,15.46,0,PER,2082.5178,198866.0
Peru,2002,292361.0,15.81,0,PER,2103.3374,210580.0
Peru,2003,305757.0,15.84,0,PER,2037.1682,204092.0
Peru,2004,330352.0,15.71,0,PER,1992.915,210640.0
Peru,2005,334495.0,15.89,0,PER,1905.117,180300.0
Peru,2006,353839.0,15.78,0,PER,2030.7523,203041.0
Peru,2007,344267.0,15.6,0,PER,2065.724,246705.0
Peru,2008,379977.0,15.63,0,PER,2121.5903,203064.0
Peru,2009,377598.0,15.93,0,PER,2289.5515,261885.0
Peru,2010,394573.0,16.11,0,PER,1939.4572,223425.0
Peru,2011,418631.0,15.6,0,PER,2144.9683,251242.0
Peru,2012,428753.17,15.85,0,PER,2273.314,266346.46
Peru,2013,436387.98,15.74,0,PER,2205.8733,253006.63
Peru,2014,450423.0,15.97,0,PER,2265.0159,249814.2
Peru,2015,456154.0,16.4,0,PER,2263.4402,282128.88
Peru,2016,490869.0,16.45,0,PER,2059.2112,289320.41
Peru,2017,498454.0,16.03,0,PER,2360.0337,330068.39
Peru,2018,502843.32,15.66,0,PER,2205.4373,246045.91
Peru,2019,509767.63,16.07,0,PER,2363.106,329921.65
Peru,2020,558614.28,16.34,0,PER,2012.7317,311853.52
Peru,2021,576229.0,15.91,0,PER,2224.197,331181.31
Peru,2022,591187.26,15.78,0,PER,2002.5952,280034.58
Portugal,1996,178210.0,15.88,0,PRT,1040.1143,132000.0
Portugal,1997,211419.0,16.62,0,PRT,1056.6395,121000.0
Portugal,1998,270251.0,16.34,0,PRT,648.7426,131000.0
Portugal,1999,213975.0,15.91,0,PRT,742.0872,120000.0
Portugal,2000,257340.0,15.97,0,PRT,958.0929,113000.0
Portugal,2001,220008.0,16.12,0,PRT,973.2707,103000.0
Portugal,2002,273224.0,16.06,0,PRT,927.5801,101000.0
Portugal,2003,267936.0,16.3,0,PRT,887.9775,95000.0
Portugal,2004,237988.0,16.19,0,PRT,590.2989,88000.0
Portugal,2005,205490.0,16.06,0,PRT,573.9955,84000.0
Portugal,2006,218365.0,16.42,0,PRT,926.9827,87391.0
Portugal,2007,194779.0,15.86,0,PRT,575.246,113005.0
Portugal,2008,159663.0,15.88,0,PRT,695.95123,105131.0
Portugal,2009,183471.0,16.39,0,PRT,827.8828,97293.0
Portugal,2010,193885.0,16.17,0,PRT,1053.5568,100249.0
Portugal,2011,228101.0,16.42,0,PRT,752.56885,95088.0
Portugal,2012,208980.0,15.94,0,PRT,646.73224,106864.0
Portugal,2013,236800.0,16.0,0,PRT,882.7163,110643.0
Portugal,2014,251519.0,16.13,0,PRT,1010.2031,129991.31
Portugal,2015,246639.0,16.4,0,PRT,572.7501,117906.09
Portugal,2016,299583.0,16.36,0,PRT,881.2658,108440.48
Portugal,2017,319743.0,16.81,0,PRT,519.9812,102584.04
Portugal,2018,340820.0,16.03,0,PRT,886.8836,101364.5
Portugal,2019,346510.0,16.34,0,PRT,703.5349,107393.62
Portugal,2020,355280.0,16.69,0,PRT,710.8799,103171.4
Portugal,2021,363920.0,16.38,0,PRT,734.0534,93179.74
Portugal,2022,378450.0,16.97,0,PRT,797.2548,57648.89
South Africa,1996,914535.0,16.73,0,ZAF,658.6466,405000.0
South Africa,1997,979814.0,17.05,0,ZAF,556.81323,405000.0
South Africa,1998,967159.0,17.73,0,ZAF,550.27466,406000.0
South Africa,1999,1153710.0,18.04,0,ZAF,545.23785,413000.0
South Africa,2000,1167284.0,16.95,0,ZAF,727.6034,415900.0
South Africa,2001,1297964.0,17.42,0,ZAF,660.83093,393000.0
South Africa,2002,1238334.0,17.63,0,ZAF,495.42773,477072.0
South Africa,2003,1325043.0,18.05,0,ZAF,418.4659,420827.0
South Africa,2004,1125769.0,17.77,0,ZAF,547.1433,427571.0
South Africa,2005,1245779.0,18.08,0,ZAF,506.62524,347260.0
South Africa,2006,1345966.0,17.25,0,ZAF,686.14594,428719.0
South Africa,2007,1408083.0,17.73,0,ZAF,453.7892,439480.0
South Africa,2008,1522452.0,17.7,0,ZAF,470.93863,424123.0
South Africa,2009,1369474.0,17.56,0,ZAF,542.1961,414000.0
South Africa,2010,1414585.0,18.06,0,ZAF,562.09875,395000.0
South Africa,2011,1495566.0,17.26,0,ZAF,620.00305,419000.0
South Africa,2012,1644434.0,17.68,0,ZAF,531.1585,425000.0
South Africa,2013,1810559.0,17.78,0,ZAF,470.61734,404000.0
South Africa,2014,1796805.0,17.8,0,ZAF,533.0056,395000.0
South Africa,2015,1762579.0,18.81,0,ZAF,365.6211,357000.0
South Africa,2016,1366032.0,18.71,0,ZAF,451.79883,327000.0
South Africa,2017,1459757.0,18.07,0,ZAF,486.0393,470000.0
South Africa,2018,1775760.0,18.28,0,ZAF,411.32565,507931.07
South Africa,2019,1688031.0,18.95,0,ZAF,398.02872,535206.73
South Africa,2020,1499311.0,17.96,0,ZAF,521.36444,588394.83
South Africa,2021,1612170.0,17.7,0,ZAF,627.26984,618738.41
South Africa,2022,1747777.96,17.95,0,ZAF,655.4537,541671.48
Spain,1996,2200800.0,13.96,0,ESP,853.15405,1153100.0
Spain,1997,2845041.0,14.89,0,ESP,804.4628,1041900.0
Spain,1998,2455390.0,14.34,0,ESP,549.83405,1199000.0
Spain,1999,2690550.0,14.17,0,ESP,617.0607,1181000.0
Spain,2000,2616220.0,14.32,0,ESP,654.10535,1113700.0
Spain,2001,2898377.0,14.4,0,ESP,646.3903,1110700.0
Spain,2002,2963061.0,14.44,0,ESP,688.48486,1026546.0
Spain,2003,3052175.0,14.78,0,ESP,743.63617,1198606.0
Spain,2004,2767148.0,14.18,0,ESP,592.6282,1072948.0
Spain,2005,2376230.0,13.99,0,ESP,471.72717,923764.0
Spain,2006,3397011.0,14.87,0,ESP,658.77356,969783.0
Spain,2007,2740280.0,14.01,0,ESP,578.0162,985857.0
Spain,2008,3410288.0,13.97,0,ESP,707.2485,739757.0
Spain,2009,2669355.0,14.56,0,ESP,644.1302,781069.0
Spain,2010,3114800.0,13.89,0,ESP,813.1608,941100.0
Spain,2011,2818888.0,14.9,0,ESP,571.9766,846700.0
Spain,2012,2942280.0,14.37,0,ESP,572.57764,843410.0
Spain,2013,3394100.0,14.11,0,ESP,730.1736,961507.0
Spain,2014,3494471.0,14.95,0,ESP,707.38086,1101895.0
Spain,2015,2935370.0,14.92,0,ESP,540.1039,1068103.0
Spain,2016,3673915.0,14.78,0,ESP,703.53906,982155.0
Spain,2017,3357163.0,15.08,0,ESP,493.72272,1079321.0
Spain,2018,3639850.0,14.48,0,ESP,828.3597,1033494.0
Spain,2019,3226870.0,14.73,0,ESP,620.43915,1011251.0
Spain,2020,3343960.0,14.93,0,ESP,675.4119,1059299.0
Spain,2021,3604800.0,14.45,0,ESP,661.6397,1029792.29
Spain,2022,2817400.0,15.56,0,ESP,638.66437,744072.38
Syrian Arab Republic,1996,372521.0,18.1,0,,266.45,227400.0
Syrian Arab Republic,1997,236000.0,17.18,0,,232.61,236815.0
Syrian Arab Republic,1998,438960.0,18.76,0,,221.53,218393.0
Syrian Arab Republic,1999,356551.0,18.76,0,,206.75,250458.0
Syrian Arab Republic,2000,407066.0,18.18,0,,192.96,236000.0
Syrian Arab Republic,2001,464894.0,18.83,0,,162.44,194762.0
Syrian Arab Republic,2002,427148.0,18.24,0,,202.93,221594.0
Syrian Arab Republic,2003,398800.0,18.16,0,,232.97,241249.0
Syrian Arab Republic,2004,495500.0,18.02,0,,256.03,226386.0
Syrian Arab Republic,2005,452600.0,17.87,0,,208.24,266418.0
Syrian Arab Republic,2006,554100.0,17.92,0,,232.08,275613.0
Syrian Arab Republic,2007,602930.0,18.25,0,,204.17,263117.0
Syrian Arab Republic,2008,657700.0,18.42,0,,141.93,270207.0
Syrian Arab Republic,2009,689751.0,18.32,0,,237.1,210362.0
Syrian Arab Republic,2010,668900.0,19.96,0,,186.43,119175.0
Syrian Arab Republic,2011,733960.0,17.74,0,,222.09,132969.0
Syrian Arab Republic,2012,542207.0,18.72,0,,218.37,111714.11
Syrian Arab Republic,2013,792227.0,18.65,0,,199.08,25128.47
Syrian Arab Republic,2014,693046.0,19.04,0,,192.77,28950.08
Syrian Arab Republic,2015,830040.0,18.87,0,,206.09,2392.63
Syrian Arab Republic,2016,725186.0,19.34,0,,189.09,17759.01
Syrian Arab Republic,2017,722236.0,19.1,0,,193.28,7479.89
Syrian Arab Republic,2018,717003.0,19.66,0,,220.24,20643.85
Syrian Arab Republic,2019,706324.0,19.0,0,,265.25,24612.61
Syrian Arab Republic,2020,502966.0,19.42,0,,263.62,23986.56
Syrian Arab Republic,2021,527359.77,19.65,0,,128.95,12942.4
Syrian Arab Republic,2022,301376.0,19.09,0,,173.76,18217.74
Thailand,1996,315000.0,26.41,1,THA,1815.7355,810752.0
Thailand,1997,317463.28,26.94,1,THA,1492.8912,784000.0
Thailand,1998,320000.0,27.57,1,THA,1425.8633,905000.0
Thailand,1999,321201.67,26.32,1,THA,1931.7089,1070028.0
Thailand,2000,325000.0,26.52,1,THA,1927.4663,924000.0
Thailand,2001,331404.24,26.81,1,THA,1713.444,977136.0
Thailand,2002,340000.0,27.07,1,THA,1749.2472,1082695.07
Thailand,2003,346771.37,26.94,1,THA,1490.1594,1258556.93
Thailand,2004,350000.0,26.9,1,THA,1398.3904,1160649.23
Thailand,2005,362202.12,27.17,1,THA,1609.8585,1053555.63
Thailand,2006,373074.25,27.05,1,THA,1694.79,1072427.88
Thailand,2007,383078.77,26.92,1,THA,1755.4893,1251920.22
Thailand,2008,393664.33,26.48,1,THA,1785.1581,1197529.42
Thailand,2009,399838.28,26.79,1,THA,1628.5931,1497437.1
Thailand,2010,414464.24,27.42,1,THA,1662.5453,1607075.87
Thailand,2011,425000.0,26.36,1,THA,1931.9321,1589221.18
Thailand,2012,450000.0,27.19,1,THA,1625.0583,1619915.2
Thailand,2013,460000.0,26.9,1,THA,1679.5256,1644860.62
Thailand,2014,470985.26,26.95,1,THA,1487.9946,1543450.79
Thailand,2015,478330.02,27.32,1,THA,1481.462,1265953.58
Thailand,2016,489729.05,27.48,1,THA,1593.6884,1481566.39
Thailand,2017,501477.49,27.01,1,THA,1892.4819,1726741.59
Thailand,2018,511682.1,26.97,1,THA,1746.633,1422720.78
Thailand,2019,500962.88,27.57,1,THA,1425.1019,1260267.88
Thailand,2020,504707.49,27.49,1,THA,1499.4706,1451653.06
Thailand,2021,505784.16,26.96,1,THA,1728.956,1418168.09
Thailand,2022,503818.18,26.89,1,THA,1849.6667,1152114.39
Tunisia,1996,114000.0,18.9,0,TUN,223.64844,52000.0
Tunisia,1997,101000.0,19.46,0,TUN,232.92126,51500.0
Tunisia,1998,121500.0,19.17,0,TUN,183.20906,63325.0
Tunisia,1999,104500.0,20.04,0,TUN,212.94415,65000.0
Tunisia,2000,115000.0,19.59,0,TUN,136.68703,62100.0
Tunisia,2001,110000.0,20.01,0,TUN,129.33994,55000.0
Tunisia,2002,106000.0,19.66,0,TUN,174.37335,56000.0
Tunisia,2003,95000.0,19.84,0,TUN,324.3228,60000.0
Tunisia,2004,94700.0,19.35,0,TUN,236.96817,68000.0
Tunisia,2005,101400.0,19.21,0,TUN,217.91553,73000.0
Tunisia,2006,126500.0,19.75,0,TUN,222.17409,73500.0
Tunisia,2007,104100.0,19.62,0,TUN,240.68027,74500.0
Tunisia,2008,142500.0,19.66,0,TUN,167.06602,73600.0
Tunisia,2009,115500.0,19.48,0,TUN,279.74612,78000.0
Tunisia,2010,136700.0,19.88,0,TUN,187.92896,80000.0
Tunisia,2011,139400.0,19.4,0,TUN,239.40298,82000.0
Tunisia,2012,145000.0,20.01,0,TUN,204.869,85000.0
Tunisia,2013,130000.0,19.68,0,TUN,179.73128,58900.0
Tunisia,2014,121500.0,20.16,0,TUN,198.37068,64700.0
Tunisia,2015,146500.0,19.7,0,TUN,185.47826,74100.0
Tunisia,2016,111700.0,20.16,0,TUN,187.93544,98700.0
Tunisia,2017,186900.0,19.51,0,TUN,201.1229,76500.0
Tunisia,2018,346000.0,19.79,0,TUN,207.6782,85900.0
Tunisia,2019,440000.0,19.64,0,TUN,230.12856,78040.71
Tunisia,2020,366000.0,20.03,0,TUN,187.78864,70243.6
Tunisia,2021,440000.0,20.5,0,TUN,129.66103,116528.56
Tunisia,2022,345000.0,20.72,0,TUN,114.971794,93739.76
T√ºrkiye,1996,890000.0,11.42,0,,774.9675,1147801.0
T√ºrkiye,1997,740000.0,10.48,0,,735.76227,1167000.0
T√ºrkiye,1998,970000.0,12.01,0,,724.3411,1392000.0
T√ºrkiye,1999,1100000.0,12.26,0,,634.65295,1484075.0
T√ºrkiye,2000,1070000.0,11.31,0,,640.1008,1378191.0
T√ºrkiye,2001,1250000.0,12.49,0,,722.8123,1132557.0
T√ºrkiye,2002,1250000.0,11.48,0,,673.33435,1198855.0
T√ºrkiye,2003,1250000.0,11.32,0,,708.00146,1340566.0
T√ºrkiye,2004,1300000.0,11.36,0,,659.38055,1366302.0
T√ºrkiye,2005,1445000.0,11.52,0,,720.54376,1372053.0
T√ºrkiye,2006,1535806.0,11.56,0,,682.1828,1406323.0
T√ºrkiye,2007,1426965.0,11.88,0,,644.43176,1357105.0
T√ºrkiye,2008,1427156.0,11.78,0,,541.0944,1133068.0
T√ºrkiye,2009,1689921.0,11.84,0,,823.38275,1529581.0
T√ºrkiye,2010,1710500.0,13.37,0,,758.93677,1427716.0
T√ºrkiye,2011,1730146.0,10.86,0,,717.69086,1259055.0
T√ºrkiye,2012,1661111.0,11.94,0,,781.9584,1431615.0
T√ºrkiye,2013,1781258.0,11.86,0,,602.89655,1583872.0
T√ºrkiye,2014,1779675.0,12.72,0,,705.43024,1492839.0
T√ºrkiye,2015,1816798.0,12.19,0,,748.21814,1486568.0
T√ºrkiye,2016,1850000.0,12.35,0,,730.3318,1896479.0
T√ºrkiye,2017,1950000.0,12.02,0,,644.06573,1764638.0
T√ºrkiye,2018,1900000.0,13.37,0,,791.2256,1527588.0
T√ºrkiye,2019,1700000.0,12.74,0,,717.6978,1682549.0
T√ºrkiye,2020,1333975.0,12.91,0,,611.0704,2052685.0
T√ºrkiye,2021,1742000.0,12.68,0,,651.0258,1787348.0
T√ºrkiye,2022,1322000.0,12.31,0,,630.8248,1579383.0
United Republic of Tanzania,1996,7000.0,23.21,0,TZA,963.4121,20175.0
United Republic of Tanzania,1997,12000.0,23.45,0,TZA,1247.2661,24943.0
United Republic of Tanzania,1998,15000.0,23.61,0,TZA,1086.5443,19324.0
United Republic of Tanzania,1999,18000.0,23.21,0,TZA,919.50586,12535.0
United Republic of Tanzania,2000,25000.0,23.36,0,TZA,961.9557,14135.0
United Republic of Tanzania,2001,30000.0,23.24,0,TZA,974.43634,6660.0
United Republic of Tanzania,2002,35000.0,23.31,0,TZA,1158.1124,22192.0
United Republic of Tanzania,2003,50000.0,23.81,0,TZA,764.7047,26590.0
United Republic of Tanzania,2004,65000.0,23.54,0,TZA,1031.0251,34469.0
United Republic of Tanzania,2005,85000.0,23.95,0,TZA,760.40735,33530.0
United Republic of Tanzania,2006,100000.0,23.57,0,TZA,1185.5702,39222.0
United Republic of Tanzania,2007,130000.0,23.65,0,TZA,952.1447,41448.0
United Republic of Tanzania,2008,175000.0,23.37,0,TZA,998.54865,43426.0
United Republic of Tanzania,2009,200000.0,23.87,0,TZA,945.3641,66942.0
United Republic of Tanzania,2010,240000.0,23.93,0,TZA,963.6621,66380.0
United Republic of Tanzania,2011,290000.0,23.69,0,TZA,1150.2402,67717.0
United Republic of Tanzania,2012,315000.0,23.72,0,TZA,1012.1253,56531.0
United Republic of Tanzania,2013,360024.0,23.75,0,TZA,1042.3839,108181.66
United Republic of Tanzania,2014,385822.27,23.75,0,TZA,1070.7456,84009.94
United Republic of Tanzania,2015,411716.21,24.01,1,TZA,1068.2365,76515.98
United Republic of Tanzania,2016,432465.71,24.02,1,TZA,988.2203,107567.09
United Republic of Tanzania,2017,450000.0,24.11,1,TZA,1048.9807,106012.11
United Republic of Tanzania,2018,431393.97,23.65,1,TZA,1169.2874,141509.48
United Republic of Tanzania,2019,437953.23,24.13,1,TZA,1228.0894,78207.35
United Republic of Tanzania,2020,439782.4,23.83,1,TZA,1320.3545,171354.77
United Republic of Tanzania,2021,436376.53,23.8,1,TZA,902.3797,88895.14
United Republic of Tanzania,2022,438037.39,23.77,0,TZA,998.94556,165630.32
United States of America,1996,10366000.0,10.72,0,USA,874.55255,11191172.09
United States of America,1997,11514000.0,10.93,0,USA,842.75116,11181742.72
United States of America,1998,12401000.0,12.24,0,USA,886.68536,11254586.77
United States of America,1999,8912180.0,11.91,0,USA,764.4831,11224506.03
United States of America,2000,11790680.0,11.36,0,USA,770.74084,10703440.99
United States of America,2001,11086700.0,11.79,0,USA,771.66174,10752682.57
United States of America,2002,11225500.0,11.76,0,USA,784.2211,10969768.11
United States of America,2003,10473451.0,11.34,0,USA,805.9684,11818620.83
United States of America,2004,11677285.0,11.54,0,USA,858.4184,11191484.05
United States of America,2005,8393270.0,11.9,1,USA,792.345,10925951.09
United States of America,2006,8166480.0,12.32,1,USA,789.2378,11969757.81
United States of America,2007,6917286.0,12.03,1,USA,750.17535,11395419.17
United States of America,2008,9140790.0,11.34,1,USA,817.4463,10397606.72
United States of America,2009,8280780.0,11.23,1,USA,839.14166,11097590.44
United States of America,2010,7477924.0,11.84,1,USA,802.92334,11624755.46
United States of America,2011,8078490.0,11.92,1,USA,799.35376,12231299.15
United States of America,2012,8268000.0,12.96,1,USA,725.9574,12249079.97
United States of America,2013,7500604.0,11.3,1,USA,811.2086,12060839.15
United States of America,2014,6139826.0,11.15,1,USA,796.811,11802200.79
United States of America,2015,5763340.0,12.3,1,USA,868.9342,11829381.0
United States of America,2016,5522940.0,12.77,1,USA,826.104,11644828.99
United States of America,2017,4615760.0,12.54,1,USA,871.9126,11581692.82
United States of America,2018,3535340.0,12.07,1,USA,923.7871,11891321.78
United States of America,2019,4923290.0,11.84,1,USA,938.009,11760172.33
United States of America,2020,4766350.0,12.58,1,USA,813.39215,11925954.72
United States of America,2021,3980730.0,12.58,1,USA,834.5193,11722823.99
United States of America,2022,3148840.0,12.05,1,USA,797.21136,11426152.99
Venezuela (Bolivarian Republic of),1996,542936.0,24.55,0,,2228.1367,171000.0
Venezuela (Bolivarian Republic of),1997,513709.0,24.75,0,,1863.7715,168300.0
Venezuela (Bolivarian Republic of),1998,475023.0,25.32,0,,2321.562,128600.0
Venezuela (Bolivarian Republic of),1999,462579.0,24.43,0,,2362.1228,106000.0
Venezuela (Bolivarian Republic of),2000,496768.0,24.34,0,,2182.7764,175000.0
Venezuela (Bolivarian Republic of),2001,456495.0,24.68,0,,1980.6296,181000.0
Venezuela (Bolivarian Republic of),2002,341645.0,24.92,0,,2174.0938,190000.0
Venezuela (Bolivarian Republic of),2003,333272.0,25.17,0,,2256.4324,192000.0
Venezuela (Bolivarian Republic of),2004,374419.0,25.12,0,,2348.103,205000.0
Venezuela (Bolivarian Republic of),2005,374417.0,25.52,0,,2208.4148,220000.0
Venezuela (Bolivarian Republic of),2006,377881.0,25.36,0,,2277.417,181000.0
Venezuela (Bolivarian Republic of),2007,389842.0,25.35,0,,2281.6877,220750.0
Venezuela (Bolivarian Republic of),2008,382561.0,25.13,0,,2388.2651,309150.0
Venezuela (Bolivarian Republic of),2009,384445.0,25.59,0,,1879.0142,277380.0
Venezuela (Bolivarian Republic of),2010,399748.0,25.77,0,,2672.0745,297320.0
Venezuela (Bolivarian Republic of),2011,475236.0,25.24,0,,2535.9578,280203.99
Venezuela (Bolivarian Republic of),2012,377323.0,25.31,0,,2368.3896,255442.0
Venezuela (Bolivarian Republic of),2013,378421.0,25.63,0,,2215.1433,240495.13
Venezuela (Bolivarian Republic of),2014,433092.0,25.74,0,,2054.654,234654.07
Venezuela (Bolivarian Republic of),2015,407617.0,26.11,0,,1929.5769,234375.42
Venezuela (Bolivarian Republic of),2016,393042.45,25.86,0,,2303.1145,226900.0
Venezuela (Bolivarian Republic of),2017,374378.0,25.19,1,,2268.0322,222400.0
Venezuela (Bolivarian Republic of),2018,273476.0,25.27,1,,2177.679,142300.0
Venezuela (Bolivarian Republic of),2019,365009.0,25.36,1,,2067.654,113177.51
Venezuela (Bolivarian Republic of),2020,324435.51,25.65,1,,2008.7999,111517.04
Venezuela (Bolivarian Republic of),2021,342330.75,24.86,1,,2249.8242,115021.49
Venezuela (Bolivarian Republic of),2022,365286.0,24.94,1,,2262.3047,115021.49
Viet Nam,1996,444500.0,24.14,1,VNM,2263.3706,995300.0
Viet Nam,1997,393300.0,24.56,1,VNM,1994.8547,922900.0
Viet Nam,1998,401500.0,25.32,1,VNM,1969.7769,1186100.0
Viet Nam,1999,383500.0,24.35,1,VNM,2139.4019,1224200.0
Viet Nam,2000,426700.0,24.39,1,VNM,2090.4995,1328000.0
Viet Nam,2001,427700.0,24.61,1,VNM,1981.9089,1063200.0
Viet Nam,2002,435300.0,24.95,1,VNM,1935.945,1135656.28
Viet Nam,2003,497300.0,24.97,1,VNM,1831.7561,1241192.43
Viet Nam,2004,540500.0,24.58,1,VNM,1659.2001,1308247.15
Viet Nam,2005,601300.0,24.61,1,VNM,1979.6188,1101644.57
Viet Nam,2006,623000.0,24.81,1,VNM,1918.3613,989618.53
Viet Nam,2007,654700.0,24.65,1,VNM,2163.56,1147662.93
Viet Nam,2008,678600.0,24.16,1,VNM,2233.2998,726655.33
Viet Nam,2009,693500.0,24.71,1,VNM,2027.3875,1552711.56
Viet Nam,2010,729400.0,25.19,1,VNM,2169.1658,1196158.72
Viet Nam,2011,531334.2,24.08,1,VNM,2080.6099,989467.41
Viet Nam,2012,520845.9,24.86,1,VNM,2001.8674,1185980.17
Viet Nam,2013,531957.6,24.8,1,VNM,2231.4158,1628285.6
Viet Nam,2014,589530.0,24.82,1,VNM,1928.853,1363886.54
Viet Nam,2015,566115.4,25.37,1,VNM,1812.2073,1695781.41
Viet Nam,2016,636919.37,25.35,1,VNM,2053.8416,1548920.79
Viet Nam,2017,768318.65,25.04,1,VNM,2375.5344,1563255.78
Viet Nam,2018,855086.79,25.1,1,VNM,2113.5044,1572827.28
Viet Nam,2019,1017199.81,25.58,1,VNM,1821.7611,1572827.28
Viet Nam,2020,1160761.73,25.25,1,VNM,2144.9512,1572827.28
Viet Nam,2021,1586480.0,24.93,1,VNM,2075.221,1572827.28
Viet Nam,2022,1807858.82,24.82,1,VNM,2236.6235,1764701.9
